ID Number,Kaltura ID,Accession Number,Title,Description,Filename
AFR_video_118_1,1_ocg8ocb0,2465400,International Conference on Religion and Protest in Africa: Religion and Resistance in Africa: Political and Historical Perspectives,,http://digitalmedia.library.cornell.edu/kaltura/Africana/AFR_video_118_1.mp4
AFR_video_118_2,1_ecpqaf83,2465400,International Conference on Religion and Protest in Africa: Activation of Political Discontent: Africa's Triple Exp.,,http://digitalmedia.library.cornell.edu/kaltura/Africana/AFR_video_118_2.mp4
AFR_video_118_3,1_9y6bsh6u,2465400,"International Conference on Religion and Protest in Africa: Prophecy, Witchcraft, and Political Mobilization",,http://digitalmedia.library.cornell.edu/kaltura/Africana/AFR_video_118_3.mp4
AFR_video_118_4,1_e4n2a4d0,2465400,International Conference on Religion and Protest in Africa: Mystic Warriors: The State and the Politics of Prophecy,,http://digitalmedia.library.cornell.edu/kaltura/Africana/AFR_video_118_4.mp4
AFR_video_118_5,1_axuo6yfc,2465400,International Conference on Religion and Protest in Africa: Islam and Popular Movements in Africa,,http://digitalmedia.library.cornell.edu/kaltura/Africana/AFR_video_118_5.mp4
AFR_video_118_6,1_lxz26qa3,2465400,International Conference on Religion and Protest in Africa: Christian-Muslim Conflicts in Africa,,http://digitalmedia.library.cornell.edu/kaltura/Africana/AFR_video_118_6.mp4
AFR_video_118_7,1_qc1542h6,2465400,International Conference on Religion and Protest in Africa: Cases from Nigeria,,http://digitalmedia.library.cornell.edu/kaltura/Africana/AFR_video_118_7.mp4
AFR_video_118_8,1_jimf74z2,2465400,International Conference on Religion and Protest in Africa: Roundtable Toward Religious Tolerance in Africa,,http://digitalmedia.library.cornell.edu/kaltura/Africana/AFR_video_118_8.mp4
AFR_video_119_1,1_qjooaofn,2466234,State of Black America Conference: Molefi Asanti and Lenora Fulani, Molefi Asanti ; Lenora Fulani,http://digitalmedia.library.cornell.edu/kaltura/Africana/AFR_video_119_1.mp4
AFR_video_119_3,1_uut472v2,2466234,State of Black America Conference,Amiri Baraka,http://digitalmedia.library.cornell.edu/kaltura/Africana/AFR_video_119_3.mp4
AFR_video_121_1,1_ac18p1nx,2465687,"NCBS Tape 1 Introduction, Panel: ""Black Students in American Higher Education"" Al Colon, D. Davidson, Cooper Graves",Al Colon;D. Davidson;Cooper Graves,http://digitalmedia.library.cornell.edu/kaltura/Africana/AFR_video_121_1.mp4
AFR_video_121_10,1_8efzlxxv,2465687,NCBS Tape [10] Panel C: Effective Schools for Black Children (Barbara Sizemore et al) Panel D: African Civilization (Dr. Yosef Ben-Jochannan et at),Barbara Sizemore;Dr. Yosef Ben-Jochannan,http://digitalmedia.library.cornell.edu/kaltura/Africana/AFR_video_121_10.mp4
AFR_video_121_11,1_2y0pn8cb,2465687,"NCBS Tape [11] Roundtable: The Legacy of Malcom X: James Turner, W. Strickland, R. Daniels, A. Lynch and R. Bailey",James Turner;W. Strickland; R. Daniels;A. Lynch;R. Bailey,http://digitalmedia.library.cornell.edu/kaltura/Africana/AFR_video_121_11.mp4
AFR_video_121_2,1_8nrxqv8b,2465687,"NCBS Tape 2 Panel: African American Literature, Drama and Culture: Graves, Sanchez, Hudson-Withers, Branch & Hord",Graves;Sanchez;Hudson-Withers;Branch;Hord,http://digitalmedia.library.cornell.edu/kaltura/Africana/AFR_video_121_2.mp4
AFR_video_121_3,1_x5wxhj6c,2465687,"NCBS Tape 3 Panel continued: 1/4 poetry: Sonia Sachez, Lecture: John O. Killens ",Sonia Sanchez;John O. Killens,http://digitalmedia.library.cornell.edu/kaltura/Africana/AFR_video_121_3.mp4
AFR_video_121_4,1_1egkfv49,2465687,NCBS Tape 4 Discussion continued; Panel B: Black Survival on White Campuses,John Davis et al.,http://digitalmedia.library.cornell.edu/kaltura/Africana/AFR_video_121_4.mp4
AFR_video_121_5,1_j1s8jbsc,2465687,NCBS Tape 5 Spring 1985,Congressman Ron Dellums,http://digitalmedia.library.cornell.edu/kaltura/Africana/AFR_video_121_5.mp4
AFR_video_121_6,1_h0kjdx5d,2465687,NCBS Tape 6 James Blackwell Lecture; Acklyn Lynch Address,James Blackwell;Acklyn Lynch,http://digitalmedia.library.cornell.edu/kaltura/Africana/AFR_video_121_6.mp4
AFR_video_121_7,1_s7g7lw4z,2465687,"NCBS Tape 7 Derrick A. Bell Lecture and Panel B: ""Black Identity:"" J. Milliones, B. Jackson, W. Cross",Derrick A. Bell;J. Milliones;B. Jackson;W. Cross;,http://digitalmedia.library.cornell.edu/kaltura/Africana/AFR_video_121_7.mp4
AFR_video_121_8,1_j2molzeh,2465687,"NCBS Tape 8 ""Black Identity"" Discussion continued (10 mins); Film: Scared Straight ©1978 (50 mins)",,http://digitalmedia.library.cornell.edu/kaltura/Africana/AFR_video_121_8.mp4
AFR_video_121_9,1_qy66wod7,2465687,NCBS Tape 9 B. Sizemore…Dedication for John Henrik Clarke,B. Sizemore;John Henrik Clarke,http://digitalmedia.library.cornell.edu/kaltura/Africana/AFR_video_121_9.mp4
AFR_video_122_1,1_8kx1kjyv,2465179,ALA Conference: African Literature for Language Arts Tape 2,,http://digitalmedia.library.cornell.edu/kaltura/Africana/AFR_video_122_1.mp4
AFR_video_122_10,1_mvxti0qu,2465179,"ALA Conference: Banquet-Tape 6, 4/11/87",,http://digitalmedia.library.cornell.edu/kaltura/Africana/AFR_video_122_10.mp4
AFR_video_122_11,1_7ox4yums,2465179,"ALA Conference: Ideology & Africanism-Tape 7, 4/12/87",,http://digitalmedia.library.cornell.edu/kaltura/Africana/AFR_video_122_11.mp4
AFR_video_122_12,1_par08s4t,2465179,"ALA Conference: Soyinka's work & Africa's Development Tape 8, 4/12/87",,http://digitalmedia.library.cornell.edu/kaltura/Africana/AFR_video_122_12.mp4
AFR_video_122_2,1_63btxm99,2465179,"ALA Conference: Luncheon, Reception in Africa and U.S.A. by Ali Mazuri  Tape 2",Ali Mazuri,http://digitalmedia.library.cornell.edu/kaltura/Africana/AFR_video_122_2.mp4
AFR_video_122_3,1_5ffyjf1u,2465179,ALA Conference: Ali Mazuri -- AIDS in Africa Tape 10,Ali Mazuri,http://digitalmedia.library.cornell.edu/kaltura/Africana/AFR_video_122_3.mp4
AFR_video_122_4,1_wj67us65,2465179,ALA Conference: Various Sessions Tape 3,,http://digitalmedia.library.cornell.edu/kaltura/Africana/AFR_video_122_4.mp4
AFR_video_122_5_1,1_o3mj6vsj,2465179,"ALA Conference: Part 1 - Earl Lovelace, George Lamming Tape 4, 4/10/87  Part 1",Earl Lovelace;George Lamming,http://digitalmedia.library.cornell.edu/kaltura/Africana/AFR_video_122_5_1.mp4
AFR_video_122_5_2,1_hljgwev4,2465179,"ALA Conference: Part 2 - Earl Lovelace, George Lamming Tape 4, 4/10/87",Earl Lovelace;George Lamming,http://digitalmedia.library.cornell.edu/kaltura/Africana/AFR_video_122_5_2.mp4
AFR_video_122_6,1_7afqmy7y,2465179,"ALA Conference: Roundtable on Conference Theories Tape 12, 4/12/87",,http://digitalmedia.library.cornell.edu/kaltura/Africana/AFR_video_122_6.mp4
AFR_video_122_7,1_ziilqe8i,2465179,"ALA Conference: Roundtable--Passing Through-- Tape 9, 4/10/1987",,http://digitalmedia.library.cornell.edu/kaltura/Africana/AFR_video_122_7.mp4
AFR_video_122_8,1_3oysgke2,2465179,"ALA Conference:  Literature and Sovereignty Tape 11, 4/10/87",,http://digitalmedia.library.cornell.edu/kaltura/Africana/AFR_video_122_8.mp4
AFR_video_122_9,1_48zwmk8a,2465179,"ALA Conference: Poetry Reading-Tape 5, 4/11/87",,http://digitalmedia.library.cornell.edu/kaltura/Africana/AFR_video_122_9.mp4
AFR_video_123_1,1_4x9exbki,2466240,"""A Question of Power:"" Gender, Politics and Cultural Production In Africa.  ""A woman in trousers? What is dangling inside?""",,http://digitalmedia.library.cornell.edu/kaltura/Africana/AFR_video_123_1.mp4
AFR_video_123_2,1_l1riwo4l,2466240,"""A Question of Power:"" Gender, Politics and Cultural Production In Africa.  ""A woman is a fire you must take...""",,http://digitalmedia.library.cornell.edu/kaltura/Africana/AFR_video_123_2.mp4
AFR_video_123_3,1_4wo49te2,2466240,"""A Question of Power:"" Gender, Politics and Cultural Production In Africa--Panel C;  ""Women have no king""",,http://digitalmedia.library.cornell.edu/kaltura/Africana/AFR_video_123_3.mp4
AFR_video_123_4,1_d5ax8div,2466240,"""A Question of Power:"" Gender, Politics and Cultural Production In Africa ""The Joys of Motherhood and Father-, Son-, Daughterhood""",,http://digitalmedia.library.cornell.edu/kaltura/Africana/AFR_video_123_4.mp4
AFR_video_123_5,1_etrr9jqu,2466240,"""A Question of Power:"" Gender, Politics and Cultural Production In Africa ""(En)gendering National Cultural Policy""",,http://digitalmedia.library.cornell.edu/kaltura/Africana/AFR_video_123_5.mp4
AFR_video_123_6,1_rtxtvc4j,2466240,"""A Question of Power:"" Gender, Politics and Cultural Production In Africa ""I became a feminist when I was a child, starting to feel the discrimination…""",,http://digitalmedia.library.cornell.edu/kaltura/Africana/AFR_video_123_6.mp4
AFR_video_129,1_0ewh8ed5,2482650,Student Activism,Ben Chavis,http://digitalmedia.library.cornell.edu/kaltura/Africana/AFR_video_129.mp4
AFR_video_158_1,1_0ok9lbgg,2657273,4th Annual State of Black America Conference--Rev. Ben Chavis part one (Color approx 60 min),Rev. Ben Chavis,http://digitalmedia.library.cornell.edu/kaltura/Africana/AFR_video_158_1.mp4
AFR_video_158_2,1_ccxdssnr,2657273,4th Annual State of Black America Conference--A. Obedele/ Part 2 of Rev. Ben Chavis Lec.,,http://digitalmedia.library.cornell.edu/kaltura/Africana/AFR_video_158_2.mp4
AFR_video_159_1,1_vfsvnjpw,2656939,State of Black America Conference: Avon Drake-Blacks in the America economy,,http://digitalmedia.library.cornell.edu/kaltura/Africana/AFR_video_159_1.mp4
AFR_video_159_2,1_2vxxtz8h,2656939,State of Black America Conference," Avon Drake, William Tabb, Lewis King, Manning Marable",http://digitalmedia.library.cornell.edu/kaltura/Africana/AFR_video_159_2.mp4
AFR_video_160_1,1_8si6l3s9,2657275,"The Sixth Annual State of Black America- Kwame Toure ""The Struggle of the oppressed"" (4/22/83) 2 hours",Kwame Toure (Stokely Carmichael),http://digitalmedia.library.cornell.edu/kaltura/Africana/AFR_video_160_1.mp4
AFR_video_160_2_1,1_92az5djc,2657275,The Sixth Annual State of Black America- Imari A. Obadele (1&1/2 hours) 4/23/84,Imari A. Obadele,http://digitalmedia.library.cornell.edu/kaltura/Africana/AFR_video_160_2_1.mp4
AFR_video_160_2_2,1_mz55pjds,2657275,The Sixth Annual State of Black America- Minister Louis Farrakhan (Pt. II) 30 min. 4/23/84,Minister Louis Farrakhan,http://digitalmedia.library.cornell.edu/kaltura/Africana/AFR_video_160_2_2.mp4
AFR_video_164_2,1_k61ky1bh,2482856,Voices from Robben Island,,http://digitalmedia.library.cornell.edu/kaltura/Africana/AFR_video_164_2.mp4
AFR_video_167_1,1_yjxtf5ll,2688618,"Michael Manley, former Prime Minister of Jamaica: ""The Reagan Administration's Caribbean Basin Initiative Policy"" Tape 1, 11/10/82",Michael Manley,http://digitalmedia.library.cornell.edu/kaltura/Africana/AFR_video_167_1.mp4
AFR_video_167_2,1_o1k9x3xo,2688618,"Michael Manley, former Prime Minister of Jamaica: ""The Reagan Administration's Caribbean Basin Initiative Policy"" Tape 2, 11/10/82",Michael Manley,http://digitalmedia.library.cornell.edu/kaltura/Africana/AFR_video_167_2.mp4
AFR_video_168_1,1_2sfge56k,2688608,"State of Black America Conference '86: Gil Noble, Producer-""Like it Is"" on ""Black Students and Struggle""",Gil Noble,http://digitalmedia.library.cornell.edu/kaltura/Africana/AFR_video_168_1.mp4
AFR_video_168_2,1_cbt0gn1v,2688608,State of Black America Conference '86: Rev. Calvin Butts of Abyssinian Baptist Church ,Rev. Calvin Butts,http://digitalmedia.library.cornell.edu/kaltura/Africana/AFR_video_168_2.mp4
AFR_video_171,1_jbjla1gx,2688612,The beginning of Africana Studies--panel discussion,"Michael thelwell, Haki Madhubuti, Leonard Jeffries",http://digitalmedia.library.cornell.edu/kaltura/Africana/AFR_video_171.mp4
AFR_video_172_1,1_edi189nl,2664922,"Afro-American and White Women Conference: Violence- Rebecca Rice and Barbara Smith, 2/20/88", Rebecca Rice; Barbara Smith,http://digitalmedia.library.cornell.edu/kaltura/Africana/AFR_video_172_1.mp4
AFR_video_172_2,1_neeimxau,2664922,"Afro-American and White Women Conference: Work- Minnie Bruce Pratt; Cathy Valentino, 2/20/88",Minnie Bruce Pratt; Cathy Valentino,http://digitalmedia.library.cornell.edu/kaltura/Africana/AFR_video_172_2.mp4
AFR_video_172_3,1_14o84twk,2664922,"Afro-American and White Women Conference: Naming Our Histories II-Peggy Haine; Faith Nolan, 2/20/88",Peggy Haine; Faith Nolan,http://digitalmedia.library.cornell.edu/kaltura/Africana/AFR_video_172_3.mp4
AFR_video_172_4,1_xrugxjxw,2664922,"Afro-American and White Women Conference: Family- Sandra Pollack; Rebacca Rice, 2/20/88",Sandra Pollack; Rebacca Rice,http://digitalmedia.library.cornell.edu/kaltura/Africana/AFR_video_172_4.mp4
AFR_video_172_5,1_zujgyb99,2664922,"Afro-American and White Women Conference: Culture, Community and Organizing/Sexuality, 2/19/88",,http://digitalmedia.library.cornell.edu/kaltura/Africana/AFR_video_172_5.mp4
AFR_video_173_1,1_jjf9pnty,2664804,"Africana Studies Paradigm Tape 1-Turner Tribute, May 9, 1986: Student Presentation and Tribute to James E. Turner; Gwendolyn Brooks; Haki Madhubuti, K. MaClane; S. Sanchez","Gwendolyn Brooks; Haki Madhubuti, K. MaClane; S. Sanchez",http://digitalmedia.library.cornell.edu/kaltura/Africana/AFR_video_173_1.mp4
AFR_video_173_2,1_oecxgr10,2664804,"Africana Studies Paradigm Tape 2-Turner Tribute, May 9, 1986: Sonia Sanchez; The Harambee Singers",Sonia Sanchez; The Harambee Singers,http://digitalmedia.library.cornell.edu/kaltura/Africana/AFR_video_173_2.mp4
AFR_video_173_3,1_bnxy67yv,2664804,"Africana Studies Paradigm Tape 3-Turner Tribute, May 10, 1986: John Henrik Clarke; Dr. Ben; Tilden Lemelle; Molefi Asante",John Henrik Clarke; Dr. Ben; Tilden Lemelle; Molefi ,http://digitalmedia.library.cornell.edu/kaltura/Africana/AFR_video_173_3.mp4
AFR_video_173_4,1_1zncgb19,2664804,"Africana Studies Paradigm Tape 4-Tribute to Turner:  Molefi Asante, Vivian Gordon, Barbara Sizen, Donald Smith et al", Molefi Asante; Vivian Gordon; Barbara Sizen; Donald Smith et al,http://digitalmedia.library.cornell.edu/kaltura/Africana/AFR_video_173_4.mp4
AFR_video_173_5,1_cin00sqz,2664804,"Africana Studies Paradigm Tape 5-Turner Tribute, 5/10/86, James Bladwin; Haki Madhubuti;Young Gifted and Black and Ujamaa","James Bladwin; Haki Madhubuti;Young, Gifted and Black and and Ujamaa",http://digitalmedia.library.cornell.edu/kaltura/Africana/AFR_video_173_5.mp4
AFR_video_173_6,1_olnp0izm,2664804,"Africana Studies Paradigm Tape 6- 5/10/86, Howard Dodson; William Strickland; Ron Walters; Maulana Karenga",Howard Dodson; William Strickland; Ron Walters; Maulana Karenga,http://digitalmedia.library.cornell.edu/kaltura/Africana/AFR_video_173_6.mp4
AFR_video_173_7,1_2duh2qyx,2664804,"Africana Studies Paradigm Tape 7- 5/10/86, Dinner Presentations for the Tribute to James E. Turner and Entertainment: The Harambee Singers",,http://digitalmedia.library.cornell.edu/kaltura/Africana/AFR_video_173_7.mp4
AFR_video_173_8,1_9ykixhgr,2664804,"Africana Studies Paradigm Tape 8- 5/10/86, Dinner Presentations for the Tribute to James E. Turner and Entertainment: The Harambee Singers",,http://digitalmedia.library.cornell.edu/kaltura/Africana/AFR_video_173_8.mp4
AFR_video_182,1_9l6ph9rb,2664965,The Challenge of directing Afro-American Studies in private schools: two personal experiences,"Roy S. Bryce-Laporte, director/African & Hispanic Studies Program/Colgate University",http://digitalmedia.library.cornell.edu/kaltura/Africana/AFR_video_182.mp4
AFR_video_211,1_ce5bwi33,,Intelligence Testing and Racial Bias,"Constance Graham, Ph.D.",http://digitalmedia.library.cornell.edu/kaltura/Africana/AFR_video_211.mp4
AFR_video_222,1_c48g6emq,2769224,Gloria Naylor: The evolution of a writer's voice,Gloria Naylor,http://digitalmedia.library.cornell.edu/kaltura/Africana/AFR_video_222.mp4
AFR_video_225,1_erqz6bjz,2769206,"Bobby Seale & Imari Obadele, 9/30/87 TWSPB",Bobby Seale; Imari Obadele,http://digitalmedia.library.cornell.edu/kaltura/Africana/AFR_video_225.mp4
AFR_video_226,1_4opizote,2769247,"The Intellectual Odyssey of John Hope Franklin: Lecture by John Blassingame. Ithaca, NY: Cornell University, Africana Studies and Research Center, 1988.",John Blassingame,http://digitalmedia.library.cornell.edu/kaltura/Africana/AFR_video_226.mp4
AFR_video_233_1,1_71j7s3cy,2820402,"Joseph E. Holloway Videotape Collection: Interview with Leroy Brown, 1st Black elected to office since Reconstruction; interview with Dan Watson on Gullah heritage",Leroy Brown; Dan Watson,http://digitalmedia.library.cornell.edu/kaltura/Africana/AFR_video_233_1.mp4
AFR_video_233_10,1_kyx60idu,2820402,"Joseph E. Holloway Videotape Collection: Africanism and Gullah Culture, 7th Annual Celebration; Spirituals and Folklore, Nov. 14, 1987",,http://digitalmedia.library.cornell.edu/kaltura/Africana/AFR_video_233_10.mp4
AFR_video_233_11,1_4xm96iuk,2820402,"Joseph E. Holloway Videotape Collection: Africanisms and Gullah Culture, 7th Annual Penn School Heritage Celebration, Nov. 14, 1987",,http://digitalmedia.library.cornell.edu/kaltura/Africana/AFR_video_233_11.mp4
AFR_video_233_12,1_6v13333s,2820402,"Joseph E. Holloway Videotape Collection: Africanism and Gullah Culture, 9th Annual Heritage Day Celebration, Nov. 9-11, 1989",,http://digitalmedia.library.cornell.edu/kaltura/Africana/AFR_video_233_12.mp4
AFR_video_233_2,1_7dlu8qkb,2820402,Joseph E. Holloway Videotape Collection: Interview with Dan Watson on Gullah heritage; Interview with Rev. Ervin Greene on Africanism in the Gullah heritage,Dan Watson; Ervin Greene,http://digitalmedia.library.cornell.edu/kaltura/Africana/AFR_video_233_2.mp4
AFR_video_233_3,1_r6ewgh7v,2820402,"Joseph E. Holloway Videotape Collection: Interview with the Chief of Oyotunji-Sheldon, South Carolina",Chief of Oyotunji-Sheldon,http://digitalmedia.library.cornell.edu/kaltura/Africana/AFR_video_233_3.mp4
AFR_video_233_4,1_7u3biwbt,2820402,Joseph E. Holloway Videotape Collection: Interview with Claude and Pat Sharpe (linguist) Gullah Translation of the Bible; Coffin Point Graveyard; Ron Daise- Oral History/Folklore,Claude Sharpe; Pat Sharpe; Ron Daise,http://digitalmedia.library.cornell.edu/kaltura/Africana/AFR_video_233_4.mp4
AFR_video_233_6,1_f5ueecz8,2820402,Joseph E. Holloway Videotape Collection: Oyotunji Interviews; Chief Alagba on New World Africanisms,Oyotunji; Chief Alagba,http://digitalmedia.library.cornell.edu/kaltura/Africana/AFR_video_233_6.mp4
AFR_video_233_7,1_w83woruo,2820402,Joseph E. Holloway Videotape Collection:Africanisms--Coiled Baskets (Gullah) Gravesites--Slides on Video,,http://digitalmedia.library.cornell.edu/kaltura/Africana/AFR_video_233_7.mp4
AFR_video_233_8,1_w7gdgquh,2820402,"Joseph E. Holloway Videotape Collection: New Orleans (Kongo Square); Africa House; Uylses S. Davis, Wood Carber: Interview with W.W. Law on History of Africans in Georgia",W.W. Law,http://digitalmedia.library.cornell.edu/kaltura/Africana/AFR_video_233_8.mp4
AFR_video_233_9,1_u6efzee9,2820402,"Joseph E. Holloway Videotape Collection: 8th Annual Heritage Folklore Out Gospel Music, Nov. 11, 1987--Part 2",,http://digitalmedia.library.cornell.edu/kaltura/Africana/AFR_video_233_9.mp4
AFR_video_236,1_d20nlef6,2800642,"A discussion of Black feminist literature, Maulana Karenga",Maulana Karenga,http://digitalmedia.library.cornell.edu/kaltura/Africana/AFR_video_236.mp4
AFR_video_249_1,1_h0jat4w8,2830172,"My Search for Africa--part 1, John Henrik Clarke 3-27-90",John Henrik Clarke,http://digitalmedia.library.cornell.edu/kaltura/Africana/AFR_video_249_1.mp4
AFR_video_249_2,1_cgk5zj89,2830172,"My Search for Africa--part 2, John Henrik Clarke 3-28-90",John Henrik Clarke,http://digitalmedia.library.cornell.edu/kaltura/Africana/AFR_video_249_2.mp4
AFR_video_249_3,1_rtyqfmg5,2830172,"My Search for Africa--part 3, John Henrik Clarke 3-27-90",John Henrik Clarke,http://digitalmedia.library.cornell.edu/kaltura/Africana/AFR_video_249_3.mp4
AFR_video_250,1_mrag4s4z,2755704,Parental Advocacy and Black Student Achievement in the Ithaca School System,Lucy Brown,http://digitalmedia.library.cornell.edu/kaltura/Africana/AFR_video_250.mp4
AFR_video_260,1_uqkzd2bu,2830179,The Afroasiatic Roots of Greek Civilization Their Denial: A Lecture by Martin Bernal,Martin Bernal,http://digitalmedia.library.cornell.edu/kaltura/Africana/AFR_video_260.mp4
AFR_video_264,1_ep0mhlyg,2894288,"Culture, Struggle and A Challenge of History",Maulana Karenga,http://digitalmedia.library.cornell.edu/kaltura/Africana/AFR_video_264.mp4
AFR_video_275,1_b9u27wdv,2917311,"""Tracking in Education"" AS&RC Spring 1996 Colloquium Series",Don Barr,http://digitalmedia.library.cornell.edu/kaltura/Africana/AFR_video_275.mp4
AFR_video_278,1_cj8ds2gz,2830184,Haitian Conference Symposium,,http://digitalmedia.library.cornell.edu/kaltura/Africana/AFR_video_278.mp4
AFR_video_294,1_n7e7ltkf,2944472,5th Annual State of Black America Conference:[Sobu] to the Present part II,Nelson Johnson,http://digitalmedia.library.cornell.edu/kaltura/Africana/AFR_video_294.mp4
AFR_video_295_1,1_a2glsija,2944967,Kwame Toure's Black Solidarity Day Speech,Kwame Toure,http://digitalmedia.library.cornell.edu/kaltura/Africana/AFR_video_295_1.mp4
AFR_video_302_1,1_fjx6s1j5,3050191,"Conference: Stephen Henderson, Haki Madhabuti, Abena Brown (2:02:40)","Henderson, Stephen; Madhabuti, Haki; Brown, Abena",http://digitalmedia.library.cornell.edu/kaltura/Africana/AFR_video_302_1.mp4
AFR_video_302_2,1_sz5zn1jb,3050191,Angela Jackson,"Jackson, Angela",http://digitalmedia.library.cornell.edu/kaltura/Africana/AFR_video_302_2.mp4
AFR_video_329,1_ldp95gft,2800646,"""Mandela Day"" -a Tribute to Nelson Mandela, Cornell University","Wole Soyinka, Sue Mnumchana, Don Barr, Nana Gyamfi",http://digitalmedia.library.cornell.edu/kaltura/Africana/AFR_video_329.mp4
AFR_video_380_1,1_oim4t9yz,3352275,"Video One Friday: September 19, 1997 9:00 - 10:00 a.m.","Robert L. Harris, Jr.; James Turner; Ali A. Mazrui;",http://digitalmedia.library.cornell.edu/kaltura/Africana/AFR_video_380_1.mp4
AFR_video_380_2,1_2jn9fwez,3352275,"Video Two Friday: September 19, 1997 10:30 a.m. - 12:30 p.m.",Locksley Edmondson; Selwyn H.H. Carrington; Noel Dossou-Yovo; Ben John Siyakwazi; Richard Olaniyan;,http://digitalmedia.library.cornell.edu/kaltura/Africana/AFR_video_380_2.mp4
AFR_video_380_3,1_7v26nur5,3352275,"Video Three Frida: September 19, 1997 Part I: Continuation of 10:30 a.m. -- 12:30 p.m. Part II: 2:00-4:00 p.m. ","Tiffany Patterson; S.Y. Boadi-Siaw; Henrique Cunha, Jr.; Emilio Jorge Rodriquez; Carolyn Cooper;",http://digitalmedia.library.cornell.edu/kaltura/Africana/AFR_video_380_3.mp4
AFR_video_380_4,1_4chk9vy6,3352275,"Video Four Friday: September 19, 1997 Part I Continuation of 2:00-4:00pm Session; Part II 4:30-6:30 p.m.",Milfred Fierce; Chima Anyadike; Caetana Maria Damasceno; Ronilda Ribeiro; Carlos Alberto Medeiros;Ali A. Mazrui;,http://digitalmedia.library.cornell.edu/kaltura/Africana/AFR_video_380_4.mp4
AFR_video_380_5,1_62j0bl4b,3352275,"Video Five Part I Continuation of Discussion Keynote Address Ali A. Mazrui Friday September 19, 1997 9:00am -- 10:00 am; Part II Saturday: September 20, 1997 9:30-11:30 a.m. ",Ali A. Mazrui; Micere Mugo; Rupert Lewis; Phatudi D. Sekhukhune; Grace N. Wamue; Lucila Bandeira Beato;,http://digitalmedia.library.cornell.edu/kaltura/Africana/AFR_video_380_5.mp4
AFR_video_380_6,1_t1cjb9dc,3352275,"Video Six Part I Continuation of 9:30-11:30 a.m. Session Saturday: September 20, 1997; Part II 1:30-3:30 p.m. ",Marcus Balintulo; Vincent O. Cooper; Maureen Warner Lewis; Monica N. Wanambisi Mweseli; Kojo Fosu;,http://digitalmedia.library.cornell.edu/kaltura/Africana/AFR_video_380_6.mp4
AFR_video_380_7,1_d56004n7,3352275,"Video Seven Part I Continuation of 1:30 pm -- 3:30 pm Session Saturday: September 20, 1997; Part II 4:00 - 6:00 p.m.",Anani Dzidzienyo; Hassan Ahmed Ibrahim; Femi Osofisan; Helen Pyne Timothy; Chamberlain M. Hope;,http://digitalmedia.library.cornell.edu/kaltura/Africana/AFR_video_380_7.mp4
AFR_video_380_8,1_t6lte9wy,3352275,"Video Eight Part I Continuation of 4:00pm -- 6:00pm Session Saturday: September 20, 1997; Part II 7:30 p.m.",Sheila S. Walker;,http://digitalmedia.library.cornell.edu/kaltura/Africana/AFR_video_380_8.mp4
AFR_video_380_9,1_ke0hctyb,3352275,"Video Nine Continuation of 7:30pm Saturday: September 20, 1997 7:30 p.m. ",Sheila S. Walker;,http://digitalmedia.library.cornell.edu/kaltura/Africana/AFR_video_380_9.mp4
AFR_video_386,1_r1rl4gpr,3380998,"Bobby Seale- From the '60s through the '80s: The Struggle Continues""",Bobby Seale,http://digitalmedia.library.cornell.edu/kaltura/Africana/AFR_video_386.mp4
AFR_video_391,1_pf3dsjt0,3443074,"Dr. Ivan Van Sertima lecture at AS&RC, Cornell University, author of ""They Came before Columbus"" and ""Blacks in Science"" ",Dr. Ivan Van Sertima,http://digitalmedia.library.cornell.edu/kaltura/Africana/AFR_video_391.mp4
AFR_video_402,1_8josskc7,3481380,AS&RC Conference Tape 13: Minister Louis Farrakhan,Minister Louis Farrakhan,http://digitalmedia.library.cornell.edu/kaltura/Africana/AFR_video_402.mp4
AFR_video_413_1,1_umnj7kyi,3652078,John Henri Clarke: Baptist Ministers Conference,,http://digitalmedia.library.cornell.edu/kaltura/Africana/AFR_video_413_1.mp4
AFR_video_413_2,1_4kb6sugw,3652078,John Henri Clarke: Memorial Service,"feat. Rev Al Sharpton, Wesley Snipes",http://digitalmedia.library.cornell.edu/kaltura/Africana/AFR_video_413_2.mp4
AFR_video_413_3,1_cynu1734,3652078,John Henri Clarke: Memorial Service (cont.)/Going Home-Win Christ Productions,,http://digitalmedia.library.cornell.edu/kaltura/Africana/AFR_video_413_3.mp4
AFR_video_432_1_2,1_478l4b30,3894560,In the Struggle,Elizabeth Hunter,http://digitalmedia.library.cornell.edu/kaltura/Africana/AFR_video_432_1_2.mp4
AFR_video_432_2_2,1_gled54kg,3894560,"In the Struggle:Reunion of students from ""Willard Straight Takeover""",Elizabeth Hunter,http://digitalmedia.library.cornell.edu/kaltura/Africana/AFR_video_432_2_2.mp4
AFR_video_538,1_95hw6hca,4584642,Are You Listening: Welfare Mothers;Are You Listening: Woodlawn Sisterhood,"host, Martha Stewart",http://digitalmedia.library.cornell.edu/kaltura/Africana/AFR_video_538.mp4
AFR_video_548,1_xlu4vlk3,4732334,"State of Black America Conference: Fulfilling the Pan-African Promise, African Spirituality-ben-Jochannan: Religious Aspects of Pan-Africanism- Father Lawrence Lucaus",Ben Jochannan;Father Lawrence Lucaus,http://digitalmedia.library.cornell.edu/kaltura/Africana/AFR_video_548.mp4
AFR_video_564,1_pbaxecmg,4861492,AS&RC Conference Tape 3: Dr. James Turner; Dr. Johnella Butler; Prof. Ewart Guinier,Dr. James Turner; Dr. Johnella Butler; Prof. Ewart Guinier,http://digitalmedia.library.cornell.edu/kaltura/Africana/AFR_video_564.mp4
AFR_video_565,1_vxg82af4,4861518,AS&RC Conference Tape 4: Dr. Tilden J. LeMelle; Dr. William E. Nelson; Dr. Shirley N. Weber,Dr. Tilden J. LeMelle; Dr. William E. Nelson; Dr. Shirley N. Weber,http://digitalmedia.library.cornell.edu/kaltura/Africana/AFR_video_565.mp4
AFR_video_566,1_fapfvk38,4861535,AS&RC Conference Tape 5: Moderator: Prof. J. Congress Mbata; Prof. Ibrahim K. Sundiata; Prof. Ivan Sertima,Prof. J. Congress Mbata; Prof. Ibrahim K. Sundiata; Prof. Ivan Sertima,http://digitalmedia.library.cornell.edu/kaltura/Africana/AFR_video_566.mp4
AFR_video_567,1_9yblc63w,4861560,AS&RC Conference Tape 6: Prof. Ivan Sertima; Prof. Dr. Lansine Kaba (book party); Hoyt Fuller,Prof. Ivan Sertima; Prof. Dr. Lansine Kaba; Hoyt Fuller,http://digitalmedia.library.cornell.edu/kaltura/Africana/AFR_video_567.mp4
AFR_video_568,1_x72ccg0k,4861575,AS&RC Conference Tape 8: Dr. Eleanor Traylor; Ms. Toni Cade Bambara; Dr. Stephen Henderson; Mr. George Kent,Dr. Eleanor Traylor; Ms. Toni Cade Bambara; Dr. Stephen Henderson; Mr. George Kent,http://digitalmedia.library.cornell.edu/kaltura/Africana/AFR_video_568.mp4
AFR_video_569,1_1uzs598r,4861600,"AS&RC Conference Tape 9: Ms. Gayla Cook, Ms. Makila James, Mr. Robert Johnson Jr.","Cook, Gayla; James, Makila; Johnson Jr., Robert;",http://digitalmedia.library.cornell.edu/kaltura/Africana/AFR_video_569.mp4
AFR_video_570,1_n6al0tvj,4861936,AS&RC Conference Tape 10: Kamu B. Kokayi; Dr. Andre McLaughlin; Ms. Janis McManus,Kamu B. Kokayi; Dr. Andre McLaughlin; Ms. Janis McManus,http://digitalmedia.library.cornell.edu/kaltura/Africana/AFR_video_570.mp4
AFR_video_571,1_8cxtjrdx,4863726,AS&RC Conference Tape 11:  Ms. Delores M. Mortimer; Mr. Frank Scruggs; Mr. Hoyt Fuller; Prof. Michael Thelwell,Ms. Delores M. Mortimer; Mr. Frank Scruggs; Mr. Hoyt Fuller; Prof. Michael Thelwell,http://digitalmedia.library.cornell.edu/kaltura/Africana/AFR_video_571.mp4
AFR_video_572,1_mb5xlk62,4863784,AS&RC Conference Tape 12: Prof. Michael Thelwell; Mr. George Lamming; Prof. D. Kunene,Prof. Michael Thelwell; Mr. George Lamming; Prof. D. Kunene,http://digitalmedia.library.cornell.edu/kaltura/Africana/AFR_video_572.mp4
AFR_video_573,1_tzixudm5,4863801,AS&RC Conference Tape 14: Prof. Opoku Agyeman; Dr. W. Ofuatey-Kodjoe; Dr. Ronald Walters,Prof. Opoku Agyeman; Dr. W. Ofuatey-Kodjoe; Dr. Ronald Walters,http://digitalmedia.library.cornell.edu/kaltura/Africana/AFR_video_573.mp4
AFR_video_574,1_sbf1gsk1,4863817,AS&RC Conference Tape 15: Dr. Ronald Walters; Sylvia Wynter; Manny Marable; Prof. Willard R. Johnson,Dr. Ronald Walters; Sylvia Wynter; Manny Marable; Prof. Willard R. Johnson,http://digitalmedia.library.cornell.edu/kaltura/Africana/AFR_video_574.mp4
AFR_video_575,1_fniju0xi,4863855,"AS&RC Conference Tape 16: Prof. Willard Johnson (cont.), Prof. Bernard Maguhane & Prof. Nzongola-Ntalaja 1st 1/2",Prof. Willard Johnson; Prof. Bernard Maguhane; Prof. Nzongola-Ntalaja,http://digitalmedia.library.cornell.edu/kaltura/Africana/AFR_video_575.mp4
AFR_video_576,1_qhdruvnx,4863923,"AS&RC Conference Tape 17: Prof. Nzongola-Ntalaja (Continued) & William W. Sales, Jr.","Prof. Nzongola-Ntalaja; William W. Sales, Jr.;",http://digitalmedia.library.cornell.edu/kaltura/Africana/AFR_video_576.mp4
AFR_video_583,1_fwknkobs,4960024,Dr. Ben's Retirement Colloquium Townhouse,,http://digitalmedia.library.cornell.edu/kaltura/Africana/AFR_video_583.mp4
AFR_video_586,1_tny1qr37,4973686,"1984 Black Presidential Candidate, Rev. Jesse Jackson: ""Now is the Time""/CBS interview Minister Louis Farrakhan ",Rev. Jesse Jackson;Louis Farrakhan,http://digitalmedia.library.cornell.edu/kaltura/Africana/AFR_video_586.mp4
AFR_video_628,1_2sjv0ajl,5659106,"""Central Africa and the Caribbean: Cultural Interconnections""--Maureen Warner-Lewis",Maureen Warner-Lewis,http://digitalmedia.library.cornell.edu/kaltura/Africana/AFR_video_589.mp4
AFR_video_631,1_yub3ixt3,5676065,"""Souls of the Black Folks--100 years: DuBois' Concept of the Color into the 21st Century""  James Turner, Professor, Africana Studies and Research Center",James Turner,http://digitalmedia.library.cornell.edu/kaltura/Africana/AFR_video_593.mp4
AFR_video_593,1_5rs5bdg0,5014844,"""Contributions of Hoyt Fuller to Black Literature""--J. Turner;R. Harris;E. Traylor",J. Turner;R. Harris;E. Traylor,http://digitalmedia.library.cornell.edu/kaltura/Africana/AFR_video_612.mp4
AFR_video_589,1_vfp0ylfb,5014631,"""Reflections on Post Haile Selassie Ethiopia""-- Ayele Bekerie, Assistant Professor, Africana Studies and Research Center",Ayele Bekerie,http://digitalmedia.library.cornell.edu/kaltura/Africana/AFR_video_618.mp4
AFR_video_612,1_l2e4o3mo,2801445,"""Introblues: A poetic voyage into soul time""  Lecture by Prof. Kofi Anyidoho, University of Ghana at the Africana Center, Cornell University 9/15/1992",Kofi Anyidoho,http://digitalmedia.library.cornell.edu/kaltura/Africana/AFR_video_620.mp4
AFR_video_618,1_rf81n4d9,5555946,Speech Against Affirmative Action,James Meredith,http://digitalmedia.library.cornell.edu/kaltura/Africana/AFR_video_628.mp4
AFR_video_620,1_zjydjynz,5616736,"""Apartheid Forum"" Cornell African Student Association",Godfrey Sithole;Ann Ngutshana;Roy Gentle;Biodun Jeyifo;Kojo Busia; Locksley Edmondson,http://digitalmedia.library.cornell.edu/kaltura/Africana/AFR_video_631.mp4
,,,,,
,,,,,
,,,,,
,,,,,
,,,,,
,,,,,
,,,,,
,,,,,
,,,,,
,,,,,
,,,,,
,,,,,
,,,,,
,,,,,
,,,,,
,,,,,
,,,,,
,,,,,
,,,,,
,,,,,
,,,,,
,,,,,
,,,,,
,,,,,
,,,,,
,,,,,
,,,,,
,,,,,
,,,,,
,,,,,
,,,,,
,,,,,
,,,,,
,,,,,
,,,,,
,,,,,
,,,,,
,,,,,
,,,,,
,,,,,
,,,,,
,,,,,
,,,,,
,,,,,
,,,,,
,,,,,
,,,,,
,,,,,
,,,,,
,,,,,
,,,,,
,,,,,
,,,,,
,,,,,
,,,,,
,,,,,
,,,,,
,,,,,
,,,,,
,,,,,
,,,,,
,,,,,
,,,,,
,,,,,
,,,,,
,,,,,
,,,,,
,,,,,
,,,,,
,,,,,
,,,,,
,,,,,
,,,,,
,,,,,
,,,,,
,,,,,
,,,,,
,,,,,
,,,,,
,,,,,
,,,,,
,,,,,
,,,,,
,,,,,
,,,,,
,,,,,
,,,,,
,,,,,
,,,,,
,,,,,
,,,,,
,,,,,
,,,,,
,,,,,
,,,,,
,,,,,
,,,,,
,,,,,
,,,,,
,,,,,
,,,,,
,,,,,
,,,,,
,,,,,
,,,,,
,,,,,
,,,,,
,,,,,
,,,,,
,,,,,
,,,,,
,,,,,
,,,,,
,,,,,
,,,,,
,,,,,
,,,,,
,,,,,
,,,,,
,,,,,
,,,,,
,,,,,
,,,,,
,,,,,
,,,,,
,,,,,
,,,,,
,,,,,
,,,,,
,,,,,
,,,,,
,,,,,
,,,,,
,,,,,
,,,,,
,,,,,
,,,,,
,,,,,
,,,,,
,,,,,
,,,,,
,,,,,
,,,,,
,,,,,
,,,,,
,,,,,
,,,,,
,,,,,
,,,,,
,,,,,
,,,,,
,,,,,
,,,,,
,,,,,
,,,,,
,,,,,
,,,,,
,,,,,
,,,,,
,,,,,
,,,,,
,,,,,
,,,,,
,,,,,
,,,,,
,,,,,
,,,,,
,,,,,
,,,,,
,,,,,
,,,,,
,,,,,
,,,,,
,,,,,
,,,,,
,,,,,
,,,,,
,,,,,
,,,,,
,,,,,
,,,,,
,,,,,
,,,,,
,,,,,
,,,,,
,,,,,
,,,,,
,,,,,
,,,,,
,,,,,
,,,,,
,,,,,
,,,,,
,,,,,
,,,,,
,,,,,
,,,,,
,,,,,
,,,,,
,,,,,
,,,,,
,,,,,
,,,,,
,,,,,
,,,,,
,,,,,
,,,,,
,,,,,
,,,,,
,,,,,
,,,,,
,,,,,
,,,,,
,,,,,
,,,,,
,,,,,
,,,,,
,,,,,
,,,,,
,,,,,
,,,,,
,,,,,
,,,,,
,,,,,
,,,,,
,,,,,
,,,,,
,,,,,
,,,,,
,,,,,
,,,,,
,,,,,
,,,,,
,,,,,
,,,,,
,,,,,
,,,,,
,,,,,
,,,,,
,,,,,
,,,,,
,,,,,
,,,,,
,,,,,
,,,,,
,,,,,
,,,,,
,,,,,
,,,,,
,,,,,
,,,,,
,,,,,
,,,,,
,,,,,
,,,,,
,,,,,
,,,,,
,,,,,
,,,,,
,,,,,
,,,,,
,,,,,
,,,,,
,,,,,
,,,,,
,,,,,
,,,,,
,,,,,
,,,,,
,,,,,
,,,,,
,,,,,
,,,,,
,,,,,
,,,,,
,,,,,
,,,,,
,,,,,
,,,,,
,,,,,
,,,,,
,,,,,
,,,,,
,,,,,
,,,,,
,,,,,
,,,,,
,,,,,
,,,,,
,,,,,
,,,,,
,,,,,
,,,,,
,,,,,
,,,,,
,,,,,
,,,,,
,,,,,
,,,,,
,,,,,
,,,,,
,,,,,
,,,,,
,,,,,
,,,,,
,,,,,
,,,,,
,,,,,
,,,,,
,,,,,
,,,,,
,,,,,
,,,,,
,,,,,
,,,,,
,,,,,
,,,,,
,,,,,
,,,,,
,,,,,
,,,,,
,,,,,
,,,,,
,,,,,
,,,,,
,,,,,
,,,,,
,,,,,
,,,,,
,,,,,
,,,,,
,,,,,
,,,,,
,,,,,
,,,,,
,,,,,
,,,,,
,,,,,
,,,,,
,,,,,
,,,,,
,,,,,
,,,,,
,,,,,
,,,,,
,,,,,
,,,,,
,,,,,
,,,,,
,,,,,
,,,,,
,,,,,
,,,,,
,,,,,